142.54.232.6,4145,United States of America,High,socks5
107.181.168.145,4145,United States of America,High,socks5
184.185.2.12,4145,United States of America,High,socks5
51.79.87.144,41230,Canada,High,socks5
162.214.225.223,55742,United States of America,High,socks5
161.97.163.52,29631,United States of America,High,socks5
45.81.232.17,41792,Germany,High,socks5
142.54.232.6,4145,United States of America,High,socks5
107.181.168.145,4145,United States of America,High,socks5
184.185.2.12,4145,United States of America,High,socks5
51.79.87.144,41230,Canada,High,socks5
162.214.225.223,55742,United States of America,High,socks5
161.97.163.52,29631,United States of America,High,socks5
45.81.232.17,41792,Germany,High,socks5
132.148.129.254,41026,United States of America,High,socks5
207.180.198.241,37209,Germany,High,socks5
92.204.134.38,7785,Germany,High,socks5
75.119.145.169,38023,United States of America,High,socks5
51.75.126.150,64615,France,High,socks5
72.195.34.42,4145,United States of America,High,socks5
37.187.77.58,18936,France,High,socks5
161.97.173.42,37862,United States of America,High,socks5
104.238.111.107,30026,United States of America,High,socks5
162.240.231.211,41166,United States of America,High,socks5
142.54.226.214,4145,United States of America,High,socks5
91.134.140.160,53012,France,High,socks5
160.153.245.187,42879,United States of America,High,socks5
159.203.137.249,30433,United States of America,High,socks5
1.15.62.12,5678,China,High,socks5
51.158.108.165,16379,France,High,socks5
142.54.239.1,4145,United States of America,High,socks5
37.187.77.58,29380,France,High,socks5
37.187.77.58,21861,France,High,socks5
107.180.95.177,64731,United States of America,High,socks5
142.54.235.9,4145,United States of America,High,socks5
95.111.227.164,62852,Ukraine,High,socks5
141.94.174.6,41920,Germany,High,socks5
141.94.174.6,1647,Germany,High,socks5
98.162.25.7,31653,United States of America,High,socks5
162.214.227.68,52208,United States of America,High,socks5
51.75.126.150,34144,France,High,socks5
74.119.144.60,4145,United States of America,High,socks5
162.0.220.234,49357,Canada,High,socks5
104.37.135.145,4145,United States of America,High,socks5
107.180.90.88,7936,United States of America,High,socks5
192.169.226.96,51778,United States of America,High,socks5
51.89.173.40,31724,United Kingdom of Great Britain and Northern Ireland,High,socks5
162.240.50.94,36226,United States of America,High,socks5
132.148.154.98,50965,United States of America,High,socks5
141.94.174.6,59583,Germany,High,socks5
37.187.73.7,12582,France,High,socks5
103.5.127.213,50806,Cambodia,High,socks5
162.214.227.68,55392,United States of America,High,socks5
173.249.20.84,12625,Germany,High,socks5
212.47.245.57,16379,France,High,socks5
98.188.47.132,4145,United States of America,High,socks5
146.59.18.246,29066,Norway,High,socks5
194.163.129.179,63874,Germany,High,socks5
45.117.179.179,33164,Viet Nam,High,socks5
24.249.199.4,4145,United States of America,High,socks5
98.178.72.21,10919,United States of America,High,socks5
64.227.108.25,31908,United States of America,High,socks5
173.212.209.216,2429,Germany,High,socks5
51.222.241.157,30011,France,High,socks5
46.10.229.243,7777,Bulgaria,High,socks5
72.195.114.184,4145,United States of America,High,socks5
103.130.218.135,4002,Viet Nam,High,socks5
51.89.173.40,30199,United Kingdom of Great Britain and Northern Ireland,High,socks5
192.99.207.129,13003,Canada,High,socks5
148.72.212.212,11167,United States of America,High,socks5
199.102.104.70,4145,United States of America,High,socks5
142.54.237.34,4145,United States of America,High,socks5
67.225.255.197,63146,United States of America,High,socks5
213.136.78.200,28513,Germany,High,socks5
184.178.172.26,4145,United States of America,High,socks5
68.71.249.153,48606,United States of America,High,socks5
192.252.216.81,4145,United States of America,High,socks5
92.204.134.38,28695,Germany,High,socks5
72.206.181.97,64943,United States of America,High,socks5
162.55.87.48,5566,Germany,High,socks5
192.111.134.10,4145,United States of America,High,socks5
144.76.96.180,5566,Germany,High,socks5
148.66.130.53,13305,Singapore,High,socks5
206.220.175.2,4145,United States of America,High,socks5
67.201.59.70,4145,United States of America,High,socks5
171.244.140.160,9537,Viet Nam,High,socks5
148.72.209.174,62572,United States of America,High,socks5
171.244.140.160,62310,Viet Nam,High,socks5
162.241.158.204,59991,United States of America,High,socks5
50.63.12.101,61797,United States of America,High,socks5
37.187.77.58,13412,France,High,socks5
31.200.242.201,9985,Spain,High,socks5
91.134.140.160,56495,France,High,socks5
59.36.24.138,1080,China,High,socks5
72.195.114.169,4145,United States of America,High,socks5
188.164.196.30,49426,Spain,High,socks5
97.74.233.206,30201,United States of America,High,socks5
51.89.21.99,64315,Germany,High,socks5
92.204.134.38,15393,Germany,High,socks5
185.220.174.99,59967,Netherlands,High,socks5
142.54.228.193,4145,United States of America,High,socks5
161.97.170.209,45108,United States of America,High,socks5
103.234.24.105,8880,Bangladesh,High,socks5
98.181.137.83,4145,United States of America,High,socks5
209.145.56.51,36195,United States of America,High,socks5
154.16.116.166,39759,United States of America,High,socks5
192.169.226.96,4850,United States of America,High,socks5
50.63.12.101,6095,United States of America,High,socks5
72.210.252.137,4145,United States of America,High,socks5
103.162.31.91,33829,-,High,socks5
42.200.196.208,8080,Hong Kong,High,socks5
199.102.106.94,4145,United States of America,High,socks5
72.210.252.134,46164,United States of America,High,socks5
107.180.103.214,13286,United States of America,High,socks5
104.200.135.46,4145,United States of America,High,socks5
37.187.77.58,19767,France,High,socks5
178.128.82.105,39993,Singapore,High,socks5
45.117.179.179,28151,Viet Nam,High,socks5
141.94.174.6,60912,Germany,High,socks5
67.205.177.122,46636,United States of America,High,socks5
51.15.254.129,16379,France,High,socks5
207.180.226.58,62978,Germany,High,socks5
184.95.220.42,1080,Canada,High,socks5
147.124.212.31,30479,United States of America,High,socks5
68.71.254.6,4145,United States of America,High,socks5
94.131.14.66,1081,United States of America,High,socks5
161.97.147.193,20902,United States of America,High,socks5
92.205.61.117,46800,Germany,High,socks5
43.134.240.104,15673,Japan,High,socks5
130.255.162.199,12703,Sweden,High,socks5
148.72.215.79,38538,United States of America,High,socks5
85.143.254.38,1080,Russian Federation,High,socks5
74.119.147.209,4145,United States of America,High,socks5
162.241.46.40,49401,United States of America,High,socks5
185.221.174.211,3997,Italy,High,socks5
51.161.131.84,63055,Canada,High,socks5
72.167.222.102,9493,United States of America,High,socks5
98.175.31.195,4145,United States of America,High,socks5
8.142.3.145,3306,China,High,socks5
103.234.26.108,9990,Bangladesh,High,socks5
165.227.196.37,53718,United States of America,High,socks5
72.206.181.123,4145,United States of America,High,socks5
67.225.255.197,63280,United States of America,High,socks5
199.229.254.129,4145,United States of America,High,socks5
184.178.172.14,4145,United States of America,High,socks5
68.71.247.130,4145,United States of America,High,socks5
72.210.208.101,4145,United States of America,High,socks5
163.172.171.22,16379,France,High,socks5
67.201.33.10,25283,United States of America,High,socks5
98.162.25.23,4145,United States of America,High,socks5
199.58.185.9,4145,United States of America,High,socks5
92.204.134.38,25825,Germany,High,socks5
162.241.46.69,58330,United States of America,High,socks5
91.134.140.160,39803,France,High,socks5
64.202.186.2,42587,United States of America,High,socks5
167.172.159.43,48533,United States of America,High,socks5
161.97.173.78,15109,United States of America,High,socks5
51.75.126.150,36694,France,High,socks5
142.93.66.245,38447,United States of America,High,socks5
5.10.249.159,1080,Azerbaijan,High,socks5
161.97.173.42,46018,United States of America,High,socks5
51.255.79.114,12682,France,High,socks5
75.119.145.154,15779,United States of America,High,socks5
138.2.73.157,1080,United States of America,High,socks5
31.24.44.92,60419,Spain,High,socks5
103.174.178.166,2016,-,High,socks5
162.240.79.122,38438,United States of America,High,socks5
50.63.12.33,58507,United States of America,High,socks5
78.128.81.220,31623,Bulgaria,High,socks5
103.162.31.23,49935,-,High,socks5
148.72.206.84,58842,United States of America,High,socks5
171.244.140.160,15084,Viet Nam,High,socks5
37.187.77.58,31355,France,High,socks5
103.199.155.18,6969,Bangladesh,High,socks5
91.134.140.160,32896,France,High,socks5
162.215.219.157,41697,United States of America,High,socks5
162.240.231.211,35541,United States of America,High,socks5
194.163.129.179,29436,Germany,High,socks5
162.214.227.68,51045,United States of America,High,socks5
185.78.76.190,1080,Brazil,High,socks5
92.204.135.37,51229,Germany,High,socks5
92.205.61.38,21286,Germany,High,socks5
31.200.242.201,12196,Spain,High,socks5
159.223.166.21,25154,United States of America,High,socks5
216.10.242.18,30670,India,High,socks5
148.72.206.84,14815,United States of America,High,socks5
178.79.165.164,2124,Netherlands,High,socks5
50.63.12.33,23859,United States of America,High,socks5
162.241.50.179,31414,United States of America,High,socks5
141.94.174.6,24085,Germany,High,socks5
207.180.198.241,42581,Germany,High,socks5
167.86.102.169,42733,Germany,High,socks5
18.167.191.223,1080,Hong Kong,High,socks5
159.223.71.71,59098,United States of America,High,socks5
50.63.12.33,51904,United States of America,High,socks5
91.134.140.160,16487,France,High,socks5
92.205.110.47,50709,Germany,High,socks5
141.94.174.6,50470,Germany,High,socks5
51.161.33.206,13003,Canada,High,socks5
173.212.209.49,58827,Germany,High,socks5
162.214.102.195,58994,United States of America,High,socks5
92.204.135.37,33899,Germany,High,socks5
162.241.46.40,46097,United States of America,High,socks5
220.247.162.70,9990,Bangladesh,High,socks5
141.94.174.6,13718,Germany,High,socks5
162.214.75.86,52163,United States of America,High,socks5
185.23.118.252,21361,United Kingdom of Great Britain and Northern Ireland,High,socks5
37.44.238.2,53471,France,High,socks5
91.134.140.160,12217,France,High,socks5
162.214.102.195,50366,United States of America,High,socks5
94.23.252.168,9180,France,High,socks5
188.164.196.30,62966,Spain,High,socks5
194.163.129.179,17834,Germany,High,socks5
157.230.250.104,38379,Singapore,High,socks5
142.93.66.245,20667,United States of America,High,socks5
141.94.174.6,6438,Germany,High,socks5
188.164.196.30,62105,Spain,High,socks5
92.205.107.159,57238,Germany,High,socks5
37.187.91.192,11721,France,High,socks5
150.230.251.62,8080,United States of America,High,socks5
141.94.174.6,4718,Germany,High,socks5
92.204.134.38,56177,Germany,High,socks5
37.187.77.58,10710,France,High,socks5
132.148.154.97,7183,United States of America,High,socks5
162.215.219.157,48117,United States of America,High,socks5
207.180.234.220,42823,Germany,High,socks5
162.241.158.204,63360,United States of America,High,socks5
91.142.222.84,22735,Spain,High,socks5
161.97.163.52,55491,United States of America,High,socks5
141.94.174.6,60870,Germany,High,socks5
165.227.104.122,29992,United States of America,High,socks5
130.255.162.199,44234,Sweden,High,socks5
162.214.170.144,25347,United States of America,High,socks5
51.161.33.206,63404,Canada,High,socks5
162.241.50.179,48156,United States of America,High,socks5
194.233.78.142,41720,Germany,High,socks5
162.214.102.195,56755,United States of America,High,socks5
51.222.241.157,22538,France,High,socks5
185.171.24.5,18675,Turkey,High,socks5
171.244.140.160,27696,Viet Nam,High,socks5
75.119.145.169,61344,United States of America,High,socks5
174.141.233.168,1287,United States of America,High,socks5
51.81.186.179,51405,United States of America,High,socks5
198.57.195.42,38242,United States of America,High,socks5
199.187.210.54,4145,United States of America,High,socks5
128.199.221.91,64579,Singapore,High,socks5
37.187.73.7,16113,France,High,socks5
135.148.10.161,31696,United States of America,High,socks5
64.91.226.205,62475,United States of America,High,socks5
167.99.39.82,13486,Netherlands,High,socks5
162.214.227.68,55029,United States of America,High,socks5
162.240.39.58,45840,United States of America,High,socks5
51.222.241.157,36363,France,High,socks5
51.79.87.144,22500,Canada,High,socks5
159.223.166.21,47460,United States of America,High,socks5
180.104.0.161,1080,China,High,socks5
45.117.179.179,6522,Viet Nam,High,socks5
194.31.79.75,10073,Turkey,High,socks5
91.134.140.160,11946,France,High,socks5
162.214.165.6,42624,United States of America,High,socks5
82.223.121.72,21955,Spain,High,socks5
162.241.46.40,34172,United States of America,High,socks5
50.63.12.33,45134,United States of America,High,socks5
51.158.111.76,16379,France,High,socks5
164.92.237.188,53238,United States of America,High,socks5
125.122.26.242,1080,China,High,socks5
207.180.234.220,39323,Germany,High,socks5
132.148.130.78,13469,United States of America,High,socks5
43.155.142.116,15673,Japan,High,socks5
207.180.234.220,42692,Germany,High,socks5
51.161.131.84,25843,Canada,High,socks5
107.180.88.173,44568,United States of America,High,socks5
45.117.179.179,18701,Viet Nam,High,socks5
207.180.234.220,47348,Germany,High,socks5
154.16.116.166,2512,United States of America,High,socks5
162.241.137.197,61041,United States of America,High,socks5
81.89.211.55,1080,Armenia,High,socks5
109.238.12.156,43882,France,High,socks5
165.227.196.37,56755,United States of America,High,socks5
45.117.179.240,8520,Viet Nam,High,socks5
221.134.152.75,7302,India,High,socks5
178.128.82.105,53299,Singapore,High,socks5
68.183.132.69,7497,United States of America,High,socks5
194.44.208.62,80,Ukraine,High,socks5
162.253.68.97,4145,United States of America,High,socks5
66.228.33.190,46648,United States of America,High,socks5
162.241.50.179,57495,United States of America,High,socks5
171.244.140.160,53882,Viet Nam,High,socks5
104.248.158.78,47225,Singapore,High,socks5
27.0.234.206,1080,New Zealand,High,socks5
92.204.135.37,22942,Germany,High,socks5
66.228.35.209,44809,United States of America,High,socks5
37.187.77.58,3139,France,High,socks5
91.134.140.160,57320,France,High,socks5
92.204.135.37,34824,Germany,High,socks5
166.62.38.100,4765,United States of America,High,socks5
49.12.126.53,57144,Germany,High,socks5
51.255.79.114,29262,France,High,socks5
148.72.209.174,38088,United States of America,High,socks5
192.163.200.82,35396,United States of America,High,socks5
141.94.174.6,39796,Germany,High,socks5
165.227.196.37,63399,United States of America,High,socks5
51.15.247.93,16379,France,High,socks5
161.97.173.78,17732,United States of America,High,socks5
161.97.147.193,29901,United States of America,High,socks5
107.180.101.226,37150,United States of America,High,socks5
165.227.104.122,41443,United States of America,High,socks5
207.180.198.241,17228,Germany,High,socks5
146.59.70.29,37665,Norway,High,socks5
161.97.170.209,12641,United States of America,High,socks5
75.119.145.154,28633,United States of America,High,socks5
209.126.104.38,40750,United States of America,High,socks5
104.36.166.34,50260,United States of America,High,socks5
64.202.186.2,1258,United States of America,High,socks5
185.23.118.97,61362,United Kingdom of Great Britain and Northern Ireland,High,socks5
162.240.22.169,46395,United States of America,High,socks5
107.180.90.42,10670,United States of America,High,socks5
161.97.170.209,54547,United States of America,High,socks5
5.44.42.115,58386,Russian Federation,High,socks5
92.204.135.37,20491,Germany,High,socks5
50.63.13.3,2989,United States of America,High,socks5
51.89.173.40,17982,United Kingdom of Great Britain and Northern Ireland,High,socks5
5.59.141.94,1080,Russian Federation,High,socks5
222.187.95.246,1080,China,High,socks5
195.248.243.149,7237,Germany,High,socks5
139.162.181.177,57942,Germany,High,socks5
45.117.179.179,17827,Viet Nam,High,socks5
220.134.221.76,1134,Taiwan (Province of China),High,socks5
223.112.53.2,1025,China,High,socks5
109.205.181.27,25783,Germany,High,socks5
188.164.196.30,51284,Spain,High,socks5
141.94.174.6,4571,Germany,High,socks5
162.241.50.179,40179,United States of America,High,socks5
128.199.221.91,8004,Singapore,High,socks5
162.214.121.173,62976,United States of America,High,socks5
162.241.66.135,34940,United States of America,High,socks5
109.205.181.27,7663,Germany,High,socks5
159.223.71.71,64151,United States of America,High,socks5
104.238.111.107,37963,United States of America,High,socks5
178.79.165.164,61724,Netherlands,High,socks5
213.136.79.177,5189,Germany,High,socks5
87.117.11.57,1080,Russian Federation,High,socks5
139.162.238.184,29870,United Kingdom of Great Britain and Northern Ireland,High,socks5
107.180.101.226,3302,United States of America,High,socks5
128.199.196.31,38832,Singapore,High,socks5
159.223.71.71,49922,United States of America,High,socks5
37.187.77.58,49507,France,High,socks5
50.63.13.3,4214,United States of America,High,socks5
159.223.71.71,61818,United States of America,High,socks5
162.240.79.122,61679,United States of America,High,socks5
207.180.234.139,49114,Germany,High,socks5
167.99.123.158,27237,United States of America,High,socks5
50.63.12.33,30920,United States of America,High,socks5
46.182.6.69,27161,Switzerland,High,socks5
92.255.88.219,1080,Russian Federation,High,socks5
51.15.209.188,16379,France,High,socks5
103.195.140.18,9096,Bangladesh,High,socks5
37.187.77.58,13574,France,High,socks5
192.111.137.34,18765,United States of America,High,socks5
18.167.212.135,1080,Hong Kong,High,socks5
92.204.134.38,9375,Germany,High,socks5
62.171.169.37,58402,Germany,High,socks5
50.63.13.3,11673,United States of America,High,socks5
187.188.169.169,59329,Mexico,High,socks5
161.97.170.209,28666,United States of America,High,socks5
166.62.38.100,6322,United States of America,High,socks5
166.62.38.100,8730,United States of America,High,socks5
216.10.242.18,31586,India,High,socks5
171.244.140.160,17081,Viet Nam,High,socks5
81.21.82.116,1080,Azerbaijan,High,socks5
194.163.129.179,52884,Germany,High,socks5
128.199.196.31,33661,Singapore,High,socks5
162.240.79.122,54678,United States of America,High,socks5
72.167.38.7,15410,United States of America,High,socks5
165.227.104.122,26042,United States of America,High,socks5
162.214.225.223,34071,United States of America,High,socks5
208.109.14.49,11426,United States of America,High,socks5
192.169.244.80,41568,United States of America,High,socks5
162.240.73.148,54393,United States of America,High,socks5
166.62.38.100,39308,United States of America,High,socks5
162.214.191.59,58275,United States of America,High,socks5
161.97.163.52,2677,United States of America,High,socks5
166.62.38.100,32216,United States of America,High,socks5
87.238.192.249,8842,Germany,High,socks5
199.102.107.145,4145,United States of America,High,socks5
213.252.245.221,6073,Lithuania,High,socks5
37.187.73.7,41385,France,High,socks5
75.119.145.154,25084,United States of America,High,socks5
154.12.178.107,29985,United States of America,High,socks5
92.204.135.37,58604,Germany,High,socks5
162.240.78.74,54678,United States of America,High,socks5
103.113.71.230,1080,India,High,socks5
185.105.237.38,1080,Iran, Islamic Republic of,elite,socks5
75.119.203.208,23456,United States of America,elite,socks5
45.196.151.97,5432,United States of America,elite,socks5
122.141.111.80,38801,China,elite,socks5
165.22.209.96,25150,India,elite,socks5
91.222.198.125,5678,Iran, Islamic Republic of,elite,socks5
185.132.126.37,3128,TÃ¼rkiye,elite,socks5
81.170.248.182,39880,Sweden,elite,socks5
112.45.121.199,8123,China,elite,socks5
167.235.228.202,5208,Germany,elite,socks5
109.195.187.178,9150,Russian Federation,elite,socks5
78.38.108.195,1080,Iran, Islamic Republic of,elite,socks5
64.90.50.227,55552,United States of America,elite,socks5
64.225.28.9,52700,United States of America,elite,socks5
43.153.174.197,443,Japan,elite,socks5
83.142.126.147,80,Poland,elite,socks5
114.235.230.149,44844,China,elite,socks5
38.127.179.121,11537,United States of America,elite,socks5
206.189.9.30,42331,Netherlands,elite,socks5
49.51.69.212,21127,United States of America,elite,socks5
51.83.133.132,22027,Poland,elite,socks5
103.47.93.227,1080,India,elite,socks5
216.107.129.67,10180,United States of America,elite,socks5
75.119.202.21,15745,United States of America,elite,socks5
218.1.200.244,57114,China,elite,socks5
194.116.72.46,7497,Italy,elite,socks5
43.135.160.152,443,United States of America,elite,socks5
107.150.50.226,56970,United States of America,elite,socks5
178.63.0.115,30510,Germany,elite,socks5
62.109.31.192,20000,Russian Federation,elite,socks5
195.14.22.173,80,France,elite,socks5
198.8.94.174,39078,United States of America,elite,socks5
101.73.162.83,1080,China,elite,socks5
43.154.159.144,1080,Hong Kong,elite,socks5
146.56.150.146,32241,Korea, Republic of,elite,socks5
104.25.194.175,80,Canada,elite,socks5
45.60.186.208,27488,United States of America,elite,socks5
104.17.2.81,104,Canada,elite,socks5
209.97.175.231,45337,Singapore,elite,socks5
104.129.205.94,54321,United States of America,elite,socks5
119.91.214.119,3389,China,elite,socks5
178.128.221.243,26323,Singapore,elite,socks5
217.115.115.252,56792,Ireland,elite,socks5
184.174.75.86,51724,United Kingdom of Great Britain and Northern Ireland,elite,socks5
45.81.225.94,30001,Netherlands,elite,socks5
188.165.201.173,51102,France,elite,socks5
155.138.238.14,808,United States of America,elite,socks5
68.183.88.14,7497,India,elite,socks5
159.89.163.128,7497,India,elite,socks5
124.222.119.189,2080,China,elite,socks5
122.70.153.17,24138,China,elite,socks5
43.153.29.34,443,United States of America,elite,socks5
95.213.154.54,31337,Russian Federation,elite,socks5
165.22.58.191,42311,Singapore,elite,socks5
104.129.205.25,54321,United States of America,elite,socks5
118.27.68.70,80,Japan,elite,socks5
138.201.248.43,31043,Germany,elite,socks5
51.68.125.26,7497,France,elite,socks5
58.220.69.212,26589,China,elite,socks5
39.108.139.217,11188,China,elite,socks5
79.127.35.243,5678,Iran, Islamic Republic of,elite,socks5
76.120.215.137,4252,United States of America,elite,socks5
125.25.33.221,23969,Thailand,elite,socks5
43.134.237.216,443,Singapore,elite,socks5
172.67.187.242,80,Canada,elite,socks5
92.124.143.26,1080,Russian Federation,elite,socks5
5.188.226.250,36762,Italy,elite,socks5
175.155.181.10,24388,China,elite,socks5
94.131.107.45,1080,Netherlands,elite,socks5
91.241.130.127,8080,Ukraine,elite,socks5
116.118.48.140,33739,Viet Nam,elite,socks5
217.115.115.253,56792,Ireland,elite,socks5
172.67.181.144,80,Canada,elite,socks5
43.132.128.186,24067,Hong Kong,elite,socks5
203.30.191.34,80,Belize,elite,socks5
62.94.218.90,15589,Italy,elite,socks5
176.9.32.90,39433,Germany,elite,socks5
51.68.89.25,58481,France,elite,socks5
177.93.78.9,26316,Brazil,elite,socks5
43.153.172.98,443,Japan,elite,socks5
116.212.142.231,33427,Cambodia,elite,socks5
203.24.109.80,80,Belize,elite,socks5
157.185.160.74,26589,United States of America,elite,socks5
149.202.76.10,55904,France,elite,socks5
139.162.46.64,8080,Singapore,elite,socks5
188.120.248.106,7497,Russian Federation,elite,socks5
216.80.120.100,3820,United States of America,elite,socks5
72.52.131.65,80,United States of America,elite,socks5
1.0.0.4,80,Australia,elite,socks5
106.14.207.142,8081,China,elite,socks5
114.231.8.16,1080,China,elite,socks5
119.82.226.232,7497,Indonesia,elite,socks5
43.153.30.185,443,United States of America,elite,socks5
47.112.157.97,8060,China,elite,socks5
71.167.151.15,8080,United States of America,elite,socks5
79.141.160.2,48462,United States of America,elite,socks5
139.162.151.176,9050,Germany,elite,socks5
196.216.67.2,5678,Kenya,elite,socks5
79.100.14.137,8080,Bulgaria,elite,socks5
103.251.83.61,8080,India,elite,socks5
157.245.140.55,35965,United States of America,elite,socks5
143.255.249.74,7497,Ecuador,elite,socks5
46.167.238.54,5678,Czechia,elite,socks5
203.23.104.167,80,Cyprus,elite,socks5
104.25.234.81,80,Canada,elite,socks5
188.92.242.99,8088,Russian Federation,elite,socks5
64.90.50.79,64862,United States of America,elite,socks5
114.132.243.168,7890,China,elite,socks5
117.54.201.91,9340,Indonesia,elite,socks5
221.219.97.117,1080,China,elite,socks5
49.51.93.222,443,Canada,elite,socks5
79.154.189.19,8080,Spain,elite,socks5
172.67.181.234,13335,Canada,elite,socks5
43.153.108.126,443,United States of America,elite,socks5
143.198.69.18,12345,United States of America,elite,socks5
85.199.71.66,8080,Germany,elite,socks5
75.119.205.47,49252,United States of America,elite,socks5
89.223.122.218,7777,Russian Federation,elite,socks5
165.227.31.218,19090,United States of America,elite,socks5
43.153.168.234,443,Japan,elite,socks5
192.99.221.162,1080,United States of America,elite,socks5
5.189.179.57,57238,Germany,elite,socks5
65.21.131.87,23992,Finland,elite,socks5
43.153.81.153,443,United States of America,elite,socks5
159.89.173.152,49467,India,elite,socks5